global_timestamp,previous_timestamp,next_timestamp,id,sport_key,sport_title,commence_time,home_team,away_team,bookmaker_key,bookmaker_title,bookmaker_last_update,market_key,market_last_update,outcome_name,outcome_price,outcome_point
2021-02-01T10:55:00Z,2021-02-01T10:45:00Z,2021-02-01T11:05:00Z,99f4df1ec9baac558536e5f5bf426c47,americanfootball_nfl,NFL,2021-02-07T23:30:00Z,Tampa Bay Buccaneers,Kansas City Chiefs,williamhill_us,William Hill (US),2021-02-01T10:48:30Z,spreads,2021-02-01T10:48:30Z,Kansas City Chiefs,-120,-3.0
2021-02-01T10:55:00Z,2021-02-01T10:45:00Z,2021-02-01T11:05:00Z,99f4df1ec9baac558536e5f5bf426c47,americanfootball_nfl,NFL,2021-02-07T23:30:00Z,Tampa Bay Buccaneers,Kansas City Chiefs,williamhill_us,William Hill (US),2021-02-01T10:48:30Z,spreads,2021-02-01T10:48:30Z,Tampa Bay Buccaneers,100,3.0
2021-02-01T10:55:00Z,2021-02-01T10:45:00Z,2021-02-01T11:05:00Z,99f4df1ec9baac558536e5f5bf426c47,americanfootball_nfl,NFL,2021-02-07T23:30:00Z,Tampa Bay Buccaneers,Kansas City Chiefs,williamhill_us,William Hill (US),2021-02-01T10:48:30Z,totals,2021-02-01T10:48:30Z,Over,-110,56.5
2021-02-01T10:55:00Z,2021-02-01T10:45:00Z,2021-02-01T11:05:00Z,99f4df1ec9baac558536e5f5bf426c47,americanfootball_nfl,NFL,2021-02-07T23:30:00Z,Tampa Bay Buccaneers,Kansas City Chiefs,williamhill_us,William Hill (US),2021-02-01T10:48:30Z,totals,2021-02-01T10:48:30Z,Under,-110,56.5
2021-02-01T10:55:00Z,2021-02-01T10:45:00Z,2021-02-01T11:05:00Z,99f4df1ec9baac558536e5f5bf426c47,americanfootball_nfl,NFL,2021-02-07T23:30:00Z,Tampa Bay Buccaneers,Kansas City Chiefs,williamhill_us,William Hill (US),2021-02-01T10:48:30Z,h2h,2021-02-01T10:48:30Z,Kansas City Chiefs,-164,
2021-02-01T10:55:00Z,2021-02-01T10:45:00Z,2021-02-01T11:05:00Z,99f4df1ec9baac558536e5f5bf426c47,americanfootball_nfl,NFL,2021-02-07T23:30:00Z,Tampa Bay Buccaneers,Kansas City Chiefs,williamhill_us,William Hill (US),2021-02-01T10:48:30Z,h2h,2021-02-01T10:48:30Z,Tampa Bay Buccaneers,145,
2021-02-01T10:55:00Z,2021-02-01T10:45:00Z,2021-02-01T11:05:00Z,99f4df1ec9baac558536e5f5bf426c47,americanfootball_nfl,NFL,2021-02-07T23:30:00Z,Tampa Bay Buccaneers,Kansas City Chiefs,draftkings,DraftKings,2021-02-01T10:48:18Z,spreads,2021-02-01T10:48:18Z,Kansas City Chiefs,-118,-3.0
2021-02-01T10:55:00Z,2021-02-01T10:45:00Z,2021-02-01T11:05:00Z,99f4df1ec9baac558536e5f5bf426c47,americanfootball_nfl,NFL,2021-02-07T23:30:00Z,Tampa Bay Buccaneers,Kansas City Chiefs,draftkings,DraftKings,2021-02-01T10:48:18Z,spreads,2021-02-01T10:48:18Z,Tampa Bay Buccaneers,-105,3.0
2021-02-01T10:55:00Z,2021-02-01T10:45:00Z,2021-02-01T11:05:00Z,99f4df1ec9baac558536e5f5bf426c47,americanfootball_nfl,NFL,2021-02-07T23:30:00Z,Tampa Bay Buccaneers,Kansas City Chiefs,draftkings,DraftKings,2021-02-01T10:48:18Z,totals,2021-02-01T10:48:18Z,Over,-109,56.5
2021-02-01T10:55:00Z,2021-02-01T10:45:00Z,2021-02-01T11:05:00Z,99f4df1ec9baac558536e5f5bf426c47,americanfootball_nfl,NFL,2021-02-07T23:30:00Z,Tampa Bay Buccaneers,Kansas City Chiefs,draftkings,DraftKings,2021-02-01T10:48:18Z,totals,2021-02-01T10:48:18Z,Under,-112,56.5
2021-02-01T10:55:00Z,2021-02-01T10:45:00Z,2021-02-01T11:05:00Z,99f4df1ec9baac558536e5f5bf426c47,americanfootball_nfl,NFL,2021-02-07T23:30:00Z,Tampa Bay Buccaneers,Kansas City Chiefs,draftkings,DraftKings,2021-02-01T10:48:18Z,h2h,2021-02-01T10:48:18Z,Kansas City Chiefs,-161,
2021-02-01T10:55:00Z,2021-02-01T10:45:00Z,2021-02-01T11:05:00Z,99f4df1ec9baac558536e5f5bf426c47,americanfootball_nfl,NFL,2021-02-07T23:30:00Z,Tampa Bay Buccaneers,Kansas City Chiefs,draftkings,DraftKings,2021-02-01T10:48:18Z,h2h,2021-02-01T10:48:18Z,Tampa Bay Buccaneers,143,
2021-02-01T10:55:00Z,2021-02-01T10:45:00Z,2021-02-01T11:05:00Z,99f4df1ec9baac558536e5f5bf426c47,americanfootball_nfl,NFL,2021-02-07T23:30:00Z,Tampa Bay Buccaneers,Kansas City Chiefs,sugarhouse,SugarHouse,2021-02-01T10:49:51Z,spreads,2021-02-01T10:49:51Z,Kansas City Chiefs,-118,-3.0
2021-02-01T10:55:00Z,2021-02-01T10:45:00Z,2021-02-01T11:05:00Z,99f4df1ec9baac558536e5f5bf426c47,americanfootball_nfl,NFL,2021-02-07T23:30:00Z,Tampa Bay Buccaneers,Kansas City Chiefs,sugarhouse,SugarHouse,2021-02-01T10:49:51Z,spreads,2021-02-01T10:49:51Z,Tampa Bay Buccaneers,-105,3.0
2021-02-01T10:55:00Z,2021-02-01T10:45:00Z,2021-02-01T11:05:00Z,99f4df1ec9baac558536e5f5bf426c47,americanfootball_nfl,NFL,2021-02-07T23:30:00Z,Tampa Bay Buccaneers,Kansas City Chiefs,sugarhouse,SugarHouse,2021-02-01T10:49:51Z,totals,2021-02-01T10:49:51Z,Over,-109,56.5
2021-02-01T10:55:00Z,2021-02-01T10:45:00Z,2021-02-01T11:05:00Z,99f4df1ec9baac558536e5f5bf426c47,americanfootball_nfl,NFL,2021-02-07T23:30:00Z,Tampa Bay Buccaneers,Kansas City Chiefs,sugarhouse,SugarHouse,2021-02-01T10:49:51Z,totals,2021-02-01T10:49:51Z,Under,-112,56.5
2021-02-01T10:55:00Z,2021-02-01T10:45:00Z,2021-02-01T11:05:00Z,99f4df1ec9baac558536e5f5bf426c47,americanfootball_nfl,NFL,2021-02-07T23:30:00Z,Tampa Bay Buccaneers,Kansas City Chiefs,sugarhouse,SugarHouse,2021-02-01T10:49:51Z,h2h,2021-02-01T10:49:51Z,Kansas City Chiefs,-161,
2021-02-01T10:55:00Z,2021-02-01T10:45:00Z,2021-02-01T11:05:00Z,99f4df1ec9baac558536e5f5bf426c47,americanfootball_nfl,NFL,2021-02-07T23:30:00Z,Tampa Bay Buccaneers,Kansas City Chiefs,sugarhouse,SugarHouse,2021-02-01T10:49:51Z,h2h,2021-02-01T10:49:51Z,Tampa Bay Buccaneers,143,
2021-02-01T10:55:00Z,2021-02-01T10:45:00Z,2021-02-01T11:05:00Z,99f4df1ec9baac558536e5f5bf426c47,americanfootball_nfl,NFL,2021-02-07T23:30:00Z,Tampa Bay Buccaneers,Kansas City Chiefs,betrivers,BetRivers,2021-02-01T10:49:49Z,spreads,2021-02-01T10:49:49Z,Kansas City Chiefs,-118,-3.0
2021-02-01T10:55:00Z,2021-02-01T10:45:00Z,2021-02-01T11:05:00Z,99f4df1ec9baac558536e5f5bf426c47,americanfootball_nfl,NFL,2021-02-07T23:30:00Z,Tampa Bay Buccaneers,Kansas City Chiefs,betrivers,BetRivers,2021-02-01T10:49:49Z,spreads,2021-02-01T10:49:49Z,Tampa Bay Buccaneers,-105,3.0
2021-02-01T10:55:00Z,2021-02-01T10:45:00Z,2021-02-01T11:05:00Z,99f4df1ec9baac558536e5f5bf426c47,americanfootball_nfl,NFL,2021-02-07T23:30:00Z,Tampa Bay Buccaneers,Kansas City Chiefs,betrivers,BetRivers,2021-02-01T10:49:49Z,totals,2021-02-01T10:49:49Z,Over,-109,56.5
2021-02-01T10:55:00Z,2021-02-01T10:45:00Z,2021-02-01T11:05:00Z,99f4df1ec9baac558536e5f5bf426c47,americanfootball_nfl,NFL,2021-02-07T23:30:00Z,Tampa Bay Buccaneers,Kansas City Chiefs,betrivers,BetRivers,2021-02-01T10:49:49Z,totals,2021-02-01T10:49:49Z,Under,-112,56.5
2021-02-01T10:55:00Z,2021-02-01T10:45:00Z,2021-02-01T11:05:00Z,99f4df1ec9baac558536e5f5bf426c47,americanfootball_nfl,NFL,2021-02-07T23:30:00Z,Tampa Bay Buccaneers,Kansas City Chiefs,betrivers,BetRivers,2021-02-01T10:49:49Z,h2h,2021-02-01T10:49:49Z,Kansas City Chiefs,-161,
2021-02-01T10:55:00Z,2021-02-01T10:45:00Z,2021-02-01T11:05:00Z,99f4df1ec9baac558536e5f5bf426c47,americanfootball_nfl,NFL,2021-02-07T23:30:00Z,Tampa Bay Buccaneers,Kansas City Chiefs,betrivers,BetRivers,2021-02-01T10:49:49Z,h2h,2021-02-01T10:49:49Z,Tampa Bay Buccaneers,143,
2021-02-01T10:55:00Z,2021-02-01T10:45:00Z,2021-02-01T11:05:00Z,99f4df1ec9baac558536e5f5bf426c47,americanfootball_nfl,NFL,2021-02-07T23:30:00Z,Tampa Bay Buccaneers,Kansas City Chiefs,caesars,Caesars,2021-02-01T10:50:10Z,totals,2021-02-01T10:50:10Z,Over,-110,56.5
2021-02-01T10:55:00Z,2021-02-01T10:45:00Z,2021-02-01T11:05:00Z,99f4df1ec9baac558536e5f5bf426c47,americanfootball_nfl,NFL,2021-02-07T23:30:00Z,Tampa Bay Buccaneers,Kansas City Chiefs,caesars,Caesars,2021-02-01T10:50:10Z,totals,2021-02-01T10:50:10Z,Under,-110,56.5
2021-02-01T10:55:00Z,2021-02-01T10:45:00Z,2021-02-01T11:05:00Z,99f4df1ec9baac558536e5f5bf426c47,americanfootball_nfl,NFL,2021-02-07T23:30:00Z,Tampa Bay Buccaneers,Kansas City Chiefs,caesars,Caesars,2021-02-01T10:50:10Z,spreads,2021-02-01T10:50:10Z,Kansas City Chiefs,-120,-3.0
2021-02-01T10:55:00Z,2021-02-01T10:45:00Z,2021-02-01T11:05:00Z,99f4df1ec9baac558536e5f5bf426c47,americanfootball_nfl,NFL,2021-02-07T23:30:00Z,Tampa Bay Buccaneers,Kansas City Chiefs,caesars,Caesars,2021-02-01T10:50:10Z,spreads,2021-02-01T10:50:10Z,Tampa Bay Buccaneers,100,3.0
2021-02-01T10:55:00Z,2021-02-01T10:45:00Z,2021-02-01T11:05:00Z,99f4df1ec9baac558536e5f5bf426c47,americanfootball_nfl,NFL,2021-02-07T23:30:00Z,Tampa Bay Buccaneers,Kansas City Chiefs,caesars,Caesars,2021-02-01T10:50:10Z,h2h,2021-02-01T10:50:10Z,Kansas City Chiefs,-164,
2021-02-01T10:55:00Z,2021-02-01T10:45:00Z,2021-02-01T11:05:00Z,99f4df1ec9baac558536e5f5bf426c47,americanfootball_nfl,NFL,2021-02-07T23:30:00Z,Tampa Bay Buccaneers,Kansas City Chiefs,caesars,Caesars,2021-02-01T10:50:10Z,h2h,2021-02-01T10:50:10Z,Tampa Bay Buccaneers,145,
2021-02-01T10:55:00Z,2021-02-01T10:45:00Z,2021-02-01T11:05:00Z,99f4df1ec9baac558536e5f5bf426c47,americanfootball_nfl,NFL,2021-02-07T23:30:00Z,Tampa Bay Buccaneers,Kansas City Chiefs,unibet,Unibet,2021-02-01T10:49:40Z,spreads,2021-02-01T10:49:40Z,Kansas City Chiefs,-116,-3.0
2021-02-01T10:55:00Z,2021-02-01T10:45:00Z,2021-02-01T11:05:00Z,99f4df1ec9baac558536e5f5bf426c47,americanfootball_nfl,NFL,2021-02-07T23:30:00Z,Tampa Bay Buccaneers,Kansas City Chiefs,unibet,Unibet,2021-02-01T10:49:40Z,spreads,2021-02-01T10:49:40Z,Tampa Bay Buccaneers,-104,3.0
2021-02-01T10:55:00Z,2021-02-01T10:45:00Z,2021-02-01T11:05:00Z,99f4df1ec9baac558536e5f5bf426c47,americanfootball_nfl,NFL,2021-02-07T23:30:00Z,Tampa Bay Buccaneers,Kansas City Chiefs,unibet,Unibet,2021-02-01T10:49:40Z,totals,2021-02-01T10:49:40Z,Over,-109,56.5
2021-02-01T10:55:00Z,2021-02-01T10:45:00Z,2021-02-01T11:05:00Z,99f4df1ec9baac558536e5f5bf426c47,americanfootball_nfl,NFL,2021-02-07T23:30:00Z,Tampa Bay Buccaneers,Kansas City Chiefs,unibet,Unibet,2021-02-01T10:49:40Z,totals,2021-02-01T10:49:40Z,Under,-111,56.5
2021-02-01T10:55:00Z,2021-02-01T10:45:00Z,2021-02-01T11:05:00Z,99f4df1ec9baac558536e5f5bf426c47,americanfootball_nfl,NFL,2021-02-07T23:30:00Z,Tampa Bay Buccaneers,Kansas City Chiefs,unibet,Unibet,2021-02-01T10:49:40Z,h2h,2021-02-01T10:49:40Z,Kansas City Chiefs,-167,
2021-02-01T10:55:00Z,2021-02-01T10:45:00Z,2021-02-01T11:05:00Z,99f4df1ec9baac558536e5f5bf426c47,americanfootball_nfl,NFL,2021-02-07T23:30:00Z,Tampa Bay Buccaneers,Kansas City Chiefs,unibet,Unibet,2021-02-01T10:49:40Z,h2h,2021-02-01T10:49:40Z,Tampa Bay Buccaneers,138,
2021-02-01T10:55:00Z,2021-02-01T10:45:00Z,2021-02-01T11:05:00Z,99f4df1ec9baac558536e5f5bf426c47,americanfootball_nfl,NFL,2021-02-07T23:30:00Z,Tampa Bay Buccaneers,Kansas City Chiefs,betmgm,BetMGM,2021-02-01T10:46:22Z,spreads,2021-02-01T10:46:22Z,Kansas City Chiefs,-105,-3.5
2021-02-01T10:55:00Z,2021-02-01T10:45:00Z,2021-02-01T11:05:00Z,99f4df1ec9baac558536e5f5bf426c47,americanfootball_nfl,NFL,2021-02-07T23:30:00Z,Tampa Bay Buccaneers,Kansas City Chiefs,betmgm,BetMGM,2021-02-01T10:46:22Z,spreads,2021-02-01T10:46:22Z,Tampa Bay Buccaneers,-115,3.5
2021-02-01T10:55:00Z,2021-02-01T10:45:00Z,2021-02-01T11:05:00Z,99f4df1ec9baac558536e5f5bf426c47,americanfootball_nfl,NFL,2021-02-07T23:30:00Z,Tampa Bay Buccaneers,Kansas City Chiefs,betmgm,BetMGM,2021-02-01T10:46:22Z,totals,2021-02-01T10:46:22Z,Over,-110,56.5
2021-02-01T10:55:00Z,2021-02-01T10:45:00Z,2021-02-01T11:05:00Z,99f4df1ec9baac558536e5f5bf426c47,americanfootball_nfl,NFL,2021-02-07T23:30:00Z,Tampa Bay Buccaneers,Kansas City Chiefs,betmgm,BetMGM,2021-02-01T10:46:22Z,totals,2021-02-01T10:46:22Z,Under,-110,56.5
2021-02-01T10:55:00Z,2021-02-01T10:45:00Z,2021-02-01T11:05:00Z,99f4df1ec9baac558536e5f5bf426c47,americanfootball_nfl,NFL,2021-02-07T23:30:00Z,Tampa Bay Buccaneers,Kansas City Chiefs,betmgm,BetMGM,2021-02-01T10:46:22Z,h2h,2021-02-01T10:46:22Z,Kansas City Chiefs,-175,
2021-02-01T10:55:00Z,2021-02-01T10:45:00Z,2021-02-01T11:05:00Z,99f4df1ec9baac558536e5f5bf426c47,americanfootball_nfl,NFL,2021-02-07T23:30:00Z,Tampa Bay Buccaneers,Kansas City Chiefs,betmgm,BetMGM,2021-02-01T10:46:22Z,h2h,2021-02-01T10:46:22Z,Tampa Bay Buccaneers,150,
2021-02-01T10:55:00Z,2021-02-01T10:45:00Z,2021-02-01T11:05:00Z,99f4df1ec9baac558536e5f5bf426c47,americanfootball_nfl,NFL,2021-02-07T23:30:00Z,Tampa Bay Buccaneers,Kansas City Chiefs,betfair,Betfair,2021-02-01T10:47:35Z,h2h_lay,2021-02-01T10:47:35Z,Kansas City Chiefs,-159,
2021-02-01T10:55:00Z,2021-02-01T10:45:00Z,2021-02-01T11:05:00Z,99f4df1ec9baac558536e5f5bf426c47,americanfootball_nfl,NFL,2021-02-07T23:30:00Z,Tampa Bay Buccaneers,Kansas City Chiefs,betfair,Betfair,2021-02-01T10:47:35Z,h2h_lay,2021-02-01T10:47:35Z,Tampa Bay Buccaneers,162,
2021-02-01T10:55:00Z,2021-02-01T10:45:00Z,2021-02-01T11:05:00Z,99f4df1ec9baac558536e5f5bf426c47,americanfootball_nfl,NFL,2021-02-07T23:30:00Z,Tampa Bay Buccaneers,Kansas City Chiefs,betfair,Betfair,2021-02-01T10:47:35Z,h2h,2021-02-01T10:47:35Z,Kansas City Chiefs,-161,
2021-02-01T10:55:00Z,2021-02-01T10:45:00Z,2021-02-01T11:05:00Z,99f4df1ec9baac558536e5f5bf426c47,americanfootball_nfl,NFL,2021-02-07T23:30:00Z,Tampa Bay Buccaneers,Kansas City Chiefs,betfair,Betfair,2021-02-01T10:47:35Z,h2h,2021-02-01T10:47:35Z,Tampa Bay Buccaneers,158,
2021-02-01T10:55:00Z,2021-02-01T10:45:00Z,2021-02-01T11:05:00Z,99f4df1ec9baac558536e5f5bf426c47,americanfootball_nfl,NFL,2021-02-07T23:30:00Z,Tampa Bay Buccaneers,Kansas City Chiefs,pointsbetus,PointsBet (US),2021-02-01T10:45:53Z,spreads,2021-02-01T10:45:53Z,Kansas City Chiefs,-105,-3.0
2021-02-01T10:55:00Z,2021-02-01T10:45:00Z,2021-02-01T11:05:00Z,99f4df1ec9baac558536e5f5bf426c47,americanfootball_nfl,NFL,2021-02-07T23:30:00Z,Tampa Bay Buccaneers,Kansas City Chiefs,pointsbetus,PointsBet (US),2021-02-01T10:45:53Z,spreads,2021-02-01T10:45:53Z,Tampa Bay Buccaneers,105,3.0
2021-02-01T10:55:00Z,2021-02-01T10:45:00Z,2021-02-01T11:05:00Z,99f4df1ec9baac558536e5f5bf426c47,americanfootball_nfl,NFL,2021-02-07T23:30:00Z,Tampa Bay Buccaneers,Kansas City Chiefs,pointsbetus,PointsBet (US),2021-02-01T10:45:53Z,totals,2021-02-01T10:45:53Z,Over,-115,56.0
2021-02-01T10:55:00Z,2021-02-01T10:45:00Z,2021-02-01T11:05:00Z,99f4df1ec9baac558536e5f5bf426c47,americanfootball_nfl,NFL,2021-02-07T23:30:00Z,Tampa Bay Buccaneers,Kansas City Chiefs,pointsbetus,PointsBet (US),2021-02-01T10:45:53Z,totals,2021-02-01T10:45:53Z,Under,-105,56.0
2021-02-01T10:55:00Z,2021-02-01T10:45:00Z,2021-02-01T11:05:00Z,99f4df1ec9baac558536e5f5bf426c47,americanfootball_nfl,NFL,2021-02-07T23:30:00Z,Tampa Bay Buccaneers,Kansas City Chiefs,pointsbetus,PointsBet (US),2021-02-01T10:45:53Z,h2h,2021-02-01T10:45:53Z,Kansas City Chiefs,-169,
2021-02-01T10:55:00Z,2021-02-01T10:45:00Z,2021-02-01T11:05:00Z,99f4df1ec9baac558536e5f5bf426c47,americanfootball_nfl,NFL,2021-02-07T23:30:00Z,Tampa Bay Buccaneers,Kansas City Chiefs,pointsbetus,PointsBet (US),2021-02-01T10:45:53Z,h2h,2021-02-01T10:45:53Z,Tampa Bay Buccaneers,145,
2021-02-01T10:55:00Z,2021-02-01T10:45:00Z,2021-02-01T11:05:00Z,99f4df1ec9baac558536e5f5bf426c47,americanfootball_nfl,NFL,2021-02-07T23:30:00Z,Tampa Bay Buccaneers,Kansas City Chiefs,mybookieag,MyBookie.ag,2021-02-01T10:46:32Z,spreads,2021-02-01T10:46:32Z,Kansas City Chiefs,-115,-3.5
2021-02-01T10:55:00Z,2021-02-01T10:45:00Z,2021-02-01T11:05:00Z,99f4df1ec9baac558536e5f5bf426c47,americanfootball_nfl,NFL,2021-02-07T23:30:00Z,Tampa Bay Buccaneers,Kansas City Chiefs,mybookieag,MyBookie.ag,2021-02-01T10:46:32Z,spreads,2021-02-01T10:46:32Z,Tampa Bay Buccaneers,-105,3.5
2021-02-01T10:55:00Z,2021-02-01T10:45:00Z,2021-02-01T11:05:00Z,99f4df1ec9baac558536e5f5bf426c47,americanfootball_nfl,NFL,2021-02-07T23:30:00Z,Tampa Bay Buccaneers,Kansas City Chiefs,mybookieag,MyBookie.ag,2021-02-01T10:46:32Z,totals,2021-02-01T10:46:32Z,Over,-115,56.5
2021-02-01T10:55:00Z,2021-02-01T10:45:00Z,2021-02-01T11:05:00Z,99f4df1ec9baac558536e5f5bf426c47,americanfootball_nfl,NFL,2021-02-07T23:30:00Z,Tampa Bay Buccaneers,Kansas City Chiefs,mybookieag,MyBookie.ag,2021-02-01T10:46:32Z,totals,2021-02-01T10:46:32Z,Under,-105,56.5
2021-02-01T10:55:00Z,2021-02-01T10:45:00Z,2021-02-01T11:05:00Z,99f4df1ec9baac558536e5f5bf426c47,americanfootball_nfl,NFL,2021-02-07T23:30:00Z,Tampa Bay Buccaneers,Kansas City Chiefs,mybookieag,MyBookie.ag,2021-02-01T10:46:32Z,h2h,2021-02-01T10:46:32Z,Kansas City Chiefs,-169,
2021-02-01T10:55:00Z,2021-02-01T10:45:00Z,2021-02-01T11:05:00Z,99f4df1ec9baac558536e5f5bf426c47,americanfootball_nfl,NFL,2021-02-07T23:30:00Z,Tampa Bay Buccaneers,Kansas City Chiefs,mybookieag,MyBookie.ag,2021-02-01T10:46:32Z,h2h,2021-02-01T10:46:32Z,Tampa Bay Buccaneers,140,
2021-02-01T10:55:00Z,2021-02-01T10:45:00Z,2021-02-01T11:05:00Z,99f4df1ec9baac558536e5f5bf426c47,americanfootball_nfl,NFL,2021-02-07T23:30:00Z,Tampa Bay Buccaneers,Kansas City Chiefs,betonlineag,BetOnline.ag,2021-02-01T10:48:21Z,spreads,2021-02-01T10:48:21Z,Kansas City Chiefs,-120,-3.0
2021-02-01T10:55:00Z,2021-02-01T10:45:00Z,2021-02-01T11:05:00Z,99f4df1ec9baac558536e5f5bf426c47,americanfootball_nfl,NFL,2021-02-07T23:30:00Z,Tampa Bay Buccaneers,Kansas City Chiefs,betonlineag,BetOnline.ag,2021-02-01T10:48:21Z,spreads,2021-02-01T10:48:21Z,Tampa Bay Buccaneers,100,3.0
2021-02-01T10:55:00Z,2021-02-01T10:45:00Z,2021-02-01T11:05:00Z,99f4df1ec9baac558536e5f5bf426c47,americanfootball_nfl,NFL,2021-02-07T23:30:00Z,Tampa Bay Buccaneers,Kansas City Chiefs,betonlineag,BetOnline.ag,2021-02-01T10:48:21Z,totals,2021-02-01T10:48:21Z,Over,-111,56.0
2021-02-01T10:55:00Z,2021-02-01T10:45:00Z,2021-02-01T11:05:00Z,99f4df1ec9baac558536e5f5bf426c47,americanfootball_nfl,NFL,2021-02-07T23:30:00Z,Tampa Bay Buccaneers,Kansas City Chiefs,betonlineag,BetOnline.ag,2021-02-01T10:48:21Z,totals,2021-02-01T10:48:21Z,Under,-111,56.0
2021-02-01T10:55:00Z,2021-02-01T10:45:00Z,2021-02-01T11:05:00Z,99f4df1ec9baac558536e5f5bf426c47,americanfootball_nfl,NFL,2021-02-07T23:30:00Z,Tampa Bay Buccaneers,Kansas City Chiefs,betonlineag,BetOnline.ag,2021-02-01T10:48:21Z,h2h,2021-02-01T10:48:21Z,Kansas City Chiefs,-169,
2021-02-01T10:55:00Z,2021-02-01T10:45:00Z,2021-02-01T11:05:00Z,99f4df1ec9baac558536e5f5bf426c47,americanfootball_nfl,NFL,2021-02-07T23:30:00Z,Tampa Bay Buccaneers,Kansas City Chiefs,betonlineag,BetOnline.ag,2021-02-01T10:48:21Z,h2h,2021-02-01T10:48:21Z,Tampa Bay Buccaneers,148,
2021-02-01T10:55:00Z,2021-02-01T10:45:00Z,2021-02-01T11:05:00Z,99f4df1ec9baac558536e5f5bf426c47,americanfootball_nfl,NFL,2021-02-07T23:30:00Z,Tampa Bay Buccaneers,Kansas City Chiefs,fanduel,FanDuel,2021-02-01T10:49:34Z,spreads,2021-02-01T10:49:34Z,Kansas City Chiefs,-122,-3.0
2021-02-01T10:55:00Z,2021-02-01T10:45:00Z,2021-02-01T11:05:00Z,99f4df1ec9baac558536e5f5bf426c47,americanfootball_nfl,NFL,2021-02-07T23:30:00Z,Tampa Bay Buccaneers,Kansas City Chiefs,fanduel,FanDuel,2021-02-01T10:49:34Z,spreads,2021-02-01T10:49:34Z,Tampa Bay Buccaneers,100,3.0
2021-02-01T10:55:00Z,2021-02-01T10:45:00Z,2021-02-01T11:05:00Z,99f4df1ec9baac558536e5f5bf426c47,americanfootball_nfl,NFL,2021-02-07T23:30:00Z,Tampa Bay Buccaneers,Kansas City Chiefs,fanduel,FanDuel,2021-02-01T10:49:34Z,totals,2021-02-01T10:49:34Z,Over,-110,56.5
2021-02-01T10:55:00Z,2021-02-01T10:45:00Z,2021-02-01T11:05:00Z,99f4df1ec9baac558536e5f5bf426c47,americanfootball_nfl,NFL,2021-02-07T23:30:00Z,Tampa Bay Buccaneers,Kansas City Chiefs,fanduel,FanDuel,2021-02-01T10:49:34Z,totals,2021-02-01T10:49:34Z,Under,-110,56.5
2021-02-01T10:55:00Z,2021-02-01T10:45:00Z,2021-02-01T11:05:00Z,99f4df1ec9baac558536e5f5bf426c47,americanfootball_nfl,NFL,2021-02-07T23:30:00Z,Tampa Bay Buccaneers,Kansas City Chiefs,fanduel,FanDuel,2021-02-01T10:49:34Z,h2h,2021-02-01T10:49:34Z,Kansas City Chiefs,-175,
2021-02-01T10:55:00Z,2021-02-01T10:45:00Z,2021-02-01T11:05:00Z,99f4df1ec9baac558536e5f5bf426c47,americanfootball_nfl,NFL,2021-02-07T23:30:00Z,Tampa Bay Buccaneers,Kansas City Chiefs,fanduel,FanDuel,2021-02-01T10:49:34Z,h2h,2021-02-01T10:49:34Z,Tampa Bay Buccaneers,146,
2021-02-01T10:55:00Z,2021-02-01T10:45:00Z,2021-02-01T11:05:00Z,99f4df1ec9baac558536e5f5bf426c47,americanfootball_nfl,NFL,2021-02-07T23:30:00Z,Tampa Bay Buccaneers,Kansas City Chiefs,bovada,Bovada,2021-02-01T10:45:23Z,spreads,2021-02-01T10:45:23Z,Kansas City Chiefs,-120,-3.0
2021-02-01T10:55:00Z,2021-02-01T10:45:00Z,2021-02-01T11:05:00Z,99f4df1ec9baac558536e5f5bf426c47,americanfootball_nfl,NFL,2021-02-07T23:30:00Z,Tampa Bay Buccaneers,Kansas City Chiefs,bovada,Bovada,2021-02-01T10:45:23Z,spreads,2021-02-01T10:45:23Z,Tampa Bay Buccaneers,100,3.0
2021-02-01T10:55:00Z,2021-02-01T10:45:00Z,2021-02-01T11:05:00Z,99f4df1ec9baac558536e5f5bf426c47,americanfootball_nfl,NFL,2021-02-07T23:30:00Z,Tampa Bay Buccaneers,Kansas City Chiefs,bovada,Bovada,2021-02-01T10:45:23Z,totals,2021-02-01T10:45:23Z,Over,-110,56.5
2021-02-01T10:55:00Z,2021-02-01T10:45:00Z,2021-02-01T11:05:00Z,99f4df1ec9baac558536e5f5bf426c47,americanfootball_nfl,NFL,2021-02-07T23:30:00Z,Tampa Bay Buccaneers,Kansas City Chiefs,bovada,Bovada,2021-02-01T10:45:23Z,totals,2021-02-01T10:45:23Z,Under,-110,56.5
2021-02-01T10:55:00Z,2021-02-01T10:45:00Z,2021-02-01T11:05:00Z,99f4df1ec9baac558536e5f5bf426c47,americanfootball_nfl,NFL,2021-02-07T23:30:00Z,Tampa Bay Buccaneers,Kansas City Chiefs,bovada,Bovada,2021-02-01T10:45:23Z,h2h,2021-02-01T10:45:23Z,Kansas City Chiefs,-164,
2021-02-01T10:55:00Z,2021-02-01T10:45:00Z,2021-02-01T11:05:00Z,99f4df1ec9baac558536e5f5bf426c47,americanfootball_nfl,NFL,2021-02-07T23:30:00Z,Tampa Bay Buccaneers,Kansas City Chiefs,bovada,Bovada,2021-02-01T10:45:23Z,h2h,2021-02-01T10:45:23Z,Tampa Bay Buccaneers,145,
2021-02-01T10:55:00Z,2021-02-01T10:45:00Z,2021-02-01T11:05:00Z,99f4df1ec9baac558536e5f5bf426c47,americanfootball_nfl,NFL,2021-02-07T23:30:00Z,Tampa Bay Buccaneers,Kansas City Chiefs,lowvig,LowVig.ag,2021-02-01T10:45:53Z,spreads,2021-02-01T10:45:53Z,Kansas City Chiefs,-114,-3.0
2021-02-01T10:55:00Z,2021-02-01T10:45:00Z,2021-02-01T11:05:00Z,99f4df1ec9baac558536e5f5bf426c47,americanfootball_nfl,NFL,2021-02-07T23:30:00Z,Tampa Bay Buccaneers,Kansas City Chiefs,lowvig,LowVig.ag,2021-02-01T10:45:53Z,spreads,2021-02-01T10:45:53Z,Tampa Bay Buccaneers,103,3.0
2021-02-01T10:55:00Z,2021-02-01T10:45:00Z,2021-02-01T11:05:00Z,99f4df1ec9baac558536e5f5bf426c47,americanfootball_nfl,NFL,2021-02-07T23:30:00Z,Tampa Bay Buccaneers,Kansas City Chiefs,lowvig,LowVig.ag,2021-02-01T10:45:53Z,totals,2021-02-01T10:45:53Z,Over,-106,56.0
2021-02-01T10:55:00Z,2021-02-01T10:45:00Z,2021-02-01T11:05:00Z,99f4df1ec9baac558536e5f5bf426c47,americanfootball_nfl,NFL,2021-02-07T23:30:00Z,Tampa Bay Buccaneers,Kansas City Chiefs,lowvig,LowVig.ag,2021-02-01T10:45:53Z,totals,2021-02-01T10:45:53Z,Under,-103,56.0
2021-02-01T10:55:00Z,2021-02-01T10:45:00Z,2021-02-01T11:05:00Z,99f4df1ec9baac558536e5f5bf426c47,americanfootball_nfl,NFL,2021-02-07T23:30:00Z,Tampa Bay Buccaneers,Kansas City Chiefs,lowvig,LowVig.ag,2021-02-01T10:45:53Z,h2h,2021-02-01T10:45:53Z,Kansas City Chiefs,-169,
2021-02-01T10:55:00Z,2021-02-01T10:45:00Z,2021-02-01T11:05:00Z,99f4df1ec9baac558536e5f5bf426c47,americanfootball_nfl,NFL,2021-02-07T23:30:00Z,Tampa Bay Buccaneers,Kansas City Chiefs,lowvig,LowVig.ag,2021-02-01T10:45:53Z,h2h,2021-02-01T10:45:53Z,Tampa Bay Buccaneers,148,
2021-02-01T10:55:00Z,2021-02-01T10:45:00Z,2021-02-01T11:05:00Z,99f4df1ec9baac558536e5f5bf426c47,americanfootball_nfl,NFL,2021-02-07T23:30:00Z,Tampa Bay Buccaneers,Kansas City Chiefs,gtbets,GTbets,2021-02-01T10:44:24Z,spreads,2021-02-01T10:44:24Z,Kansas City Chiefs,-119,-3.0
2021-02-01T10:55:00Z,2021-02-01T10:45:00Z,2021-02-01T11:05:00Z,99f4df1ec9baac558536e5f5bf426c47,americanfootball_nfl,NFL,2021-02-07T23:30:00Z,Tampa Bay Buccaneers,Kansas City Chiefs,gtbets,GTbets,2021-02-01T10:44:24Z,spreads,2021-02-01T10:44:24Z,Tampa Bay Buccaneers,101,3.0
2021-02-01T10:55:00Z,2021-02-01T10:45:00Z,2021-02-01T11:05:00Z,99f4df1ec9baac558536e5f5bf426c47,americanfootball_nfl,NFL,2021-02-07T23:30:00Z,Tampa Bay Buccaneers,Kansas City Chiefs,gtbets,GTbets,2021-02-01T10:44:24Z,h2h,2021-02-01T10:44:24Z,Kansas City Chiefs,-169,
2021-02-01T10:55:00Z,2021-02-01T10:45:00Z,2021-02-01T11:05:00Z,99f4df1ec9baac558536e5f5bf426c47,americanfootball_nfl,NFL,2021-02-07T23:30:00Z,Tampa Bay Buccaneers,Kansas City Chiefs,gtbets,GTbets,2021-02-01T10:44:24Z,h2h,2021-02-01T10:44:24Z,Tampa Bay Buccaneers,150,
2021-02-01T10:55:00Z,2021-02-01T10:45:00Z,2021-02-01T11:05:00Z,99f4df1ec9baac558536e5f5bf426c47,americanfootball_nfl,NFL,2021-02-07T23:30:00Z,Tampa Bay Buccaneers,Kansas City Chiefs,intertops,Intertops,2021-02-01T10:46:28Z,h2h,2021-02-01T10:46:28Z,Kansas City Chiefs,-169,
2021-02-01T10:55:00Z,2021-02-01T10:45:00Z,2021-02-01T11:05:00Z,99f4df1ec9baac558536e5f5bf426c47,americanfootball_nfl,NFL,2021-02-07T23:30:00Z,Tampa Bay Buccaneers,Kansas City Chiefs,intertops,Intertops,2021-02-01T10:46:28Z,h2h,2021-02-01T10:46:28Z,Tampa Bay Buccaneers,150,
2021-02-01T10:55:00Z,2021-02-01T10:45:00Z,2021-02-01T11:05:00Z,99f4df1ec9baac558536e5f5bf426c47,americanfootball_nfl,NFL,2021-02-07T23:30:00Z,Tampa Bay Buccaneers,Kansas City Chiefs,intertops,Intertops,2021-02-01T10:46:28Z,spreads,2021-02-01T10:46:28Z,Kansas City Chiefs,-120,-3.0
2021-02-01T10:55:00Z,2021-02-01T10:45:00Z,2021-02-01T11:05:00Z,99f4df1ec9baac558536e5f5bf426c47,americanfootball_nfl,NFL,2021-02-07T23:30:00Z,Tampa Bay Buccaneers,Kansas City Chiefs,intertops,Intertops,2021-02-01T10:46:28Z,spreads,2021-02-01T10:46:28Z,Tampa Bay Buccaneers,100,3.0
2021-02-01T10:55:00Z,2021-02-01T10:45:00Z,2021-02-01T11:05:00Z,99f4df1ec9baac558536e5f5bf426c47,americanfootball_nfl,NFL,2021-02-07T23:30:00Z,Tampa Bay Buccaneers,Kansas City Chiefs,intertops,Intertops,2021-02-01T10:46:28Z,totals,2021-02-01T10:46:28Z,Over,-110,56.5
2021-02-01T10:55:00Z,2021-02-01T10:45:00Z,2021-02-01T11:05:00Z,99f4df1ec9baac558536e5f5bf426c47,americanfootball_nfl,NFL,2021-02-07T23:30:00Z,Tampa Bay Buccaneers,Kansas City Chiefs,intertops,Intertops,2021-02-01T10:46:28Z,totals,2021-02-01T10:46:28Z,Under,-110,56.5
